,メンバー1,メンバー2,共演回数
0,島村卯月,渋谷凛,17
1,島村卯月,本田未央,16
2,渋谷凛,本田未央,16
3,渋谷凛,多田李衣菜,11
4,渋谷凛,神崎蘭子,11
5,三村かな子,緒方智絵里,11
6,多田李衣菜,神崎蘭子,10
7,本田未央,城ヶ崎莉嘉,10
8,島村卯月,双葉杏,10
9,本田未央,諸星きらり,10
10,前川みく,島村卯月,10
11,城ヶ崎莉嘉,諸星きらり,10
12,城ヶ崎莉嘉,赤城みりあ,10
13,諸星きらり,赤城みりあ,10
14,島村卯月,多田李衣菜,9
15,多田李衣菜,本田未央,9
16,渋谷凛,緒方智絵里,9
17,緒方智絵里,島村卯月,9
18,緒方智絵里,本田未央,9
19,渋谷凛,新田美波,9
20,本田未央,赤城みりあ,9
21,双葉杏,前川みく,9
22,神崎蘭子,新田美波,9
23,多田李衣菜,新田美波,9
24,島村卯月,三村かな子,8
25,島村卯月,神崎蘭子,8
26,島村卯月,城ヶ崎莉嘉,8
27,三村かな子,渋谷凛,8
28,三村かな子,多田李衣菜,8
29,三村かな子,神崎蘭子,8
30,三村かな子,本田未央,8
31,三村かな子,城ヶ崎莉嘉,8
32,渋谷凛,城ヶ崎莉嘉,8
33,多田李衣菜,城ヶ崎莉嘉,8
34,神崎蘭子,本田未央,8
35,神崎蘭子,城ヶ崎莉嘉,8
36,島村卯月,諸星きらり,8
37,渋谷凛,双葉杏,8
38,渋谷凛,諸星きらり,8
39,本田未央,双葉杏,8
40,双葉杏,諸星きらり,8
41,神崎蘭子,アナスタシア,8
42,アナスタシア,渋谷凛,8
43,渋谷凛,前川みく,8
44,神崎蘭子,前川みく,8
45,多田李衣菜,緒方智絵里,8
46,緒方智絵里,城ヶ崎莉嘉,8
47,双葉杏,三村かな子,8
48,双葉杏,緒方智絵里,8
49,三村かな子,前川みく,8
50,三村かな子,アナスタシア,8
51,前川みく,多田李衣菜,8
52,新田美波,アナスタシア,8
53,緒方智絵里,アナスタシア,8
54,島村卯月,赤城みりあ,7
55,島村卯月,新田美波,7
56,島村卯月,アナスタシア,7
57,渋谷凛,赤城みりあ,7
58,本田未央,前川みく,7
59,本田未央,新田美波,7
60,本田未央,アナスタシア,7
61,双葉杏,城ヶ崎莉嘉,7
62,双葉杏,神崎蘭子,7
63,双葉杏,多田李衣菜,7
64,双葉杏,赤城みりあ,7
65,双葉杏,新田美波,7
66,双葉杏,アナスタシア,7
67,三村かな子,諸星きらり,7
68,三村かな子,赤城みりあ,7
69,三村かな子,新田美波,7
70,城ヶ崎莉嘉,前川みく,7
71,城ヶ崎莉嘉,新田美波,7
72,城ヶ崎莉嘉,アナスタシア,7
73,神崎蘭子,諸星きらり,7
74,神崎蘭子,赤城みりあ,7
75,神崎蘭子,緒方智絵里,7
76,前川みく,諸星きらり,7
77,前川みく,赤城みりあ,7
78,前川みく,新田美波,7
79,前川みく,緒方智絵里,7
80,前川みく,アナスタシア,7
81,諸星きらり,多田李衣菜,7
82,諸星きらり,新田美波,7
83,諸星きらり,緒方智絵里,7
84,諸星きらり,アナスタシア,7
85,多田李衣菜,赤城みりあ,7
86,多田李衣菜,アナスタシア,7
87,赤城みりあ,新田美波,7
88,赤城みりあ,緒方智絵里,7
89,赤城みりあ,アナスタシア,7
90,新田美波,緒方智絵里,7
91,高垣楓,渋谷凛,5
92,神谷奈緒,北条加蓮,5
93,島村卯月,小日向美穂,4
94,本田未央,城ヶ崎美嘉,4
95,安部菜々,島村卯月,4
96,塩見周子,一ノ瀬志希,4
97,一ノ瀬志希,宮本フレデリカ,4
98,塩見周子,速水奏,4
99,橘ありす,鷺沢文香,4
100,緒方智絵里,佐久間まゆ,4
101,日野茜,堀裕子,4
102,川島瑞樹,北条加蓮,4
103,三村かな子,佐久間まゆ,4
104,三村かな子,小早川紗枝,4
105,佐久間まゆ,小早川紗枝,4
106,白坂小梅,川島瑞樹,4
107,輿水幸子,小早川紗枝,4
108,日野茜,高森藍子,4
109,島村卯月,城ヶ崎美嘉,3
110,渋谷凛,城ヶ崎美嘉,3
111,城ヶ崎美嘉,城ヶ崎莉嘉,3
112,神崎蘭子,高垣楓,3
113,塩見周子,相葉夕美,3
114,前川みく,一ノ瀬志希,3
115,一ノ瀬志希,相葉夕美,3
116,一ノ瀬志希,城ヶ崎美嘉,3
117,北条加蓮,緒方智絵里,3
118,三村かな子,輿水幸子,3
119,輿水幸子,佐久間まゆ,3
120,輿水幸子,緒方智絵里,3
121,緒方智絵里,小早川紗枝,3
122,川島瑞樹,アナスタシア,3
123,川島瑞樹,神谷奈緒,3
124,白坂小梅,アナスタシア,3
125,白坂小梅,神谷奈緒,3
126,白坂小梅,北条加蓮,3
127,アナスタシア,神谷奈緒,3
128,アナスタシア,北条加蓮,3
129,十時愛梨,日野茜,3
130,十時愛梨,高森藍子,3
131,十時愛梨,星輝子,3
132,十時愛梨,堀裕子,3
133,日野茜,星輝子,3
134,高森藍子,星輝子,3
135,高森藍子,堀裕子,3
136,星輝子,堀裕子,3
137,中野有香,一ノ瀬志希,3
138,中野有香,五十嵐響子,3
139,中野有香,櫻井桃華,3
140,中野有香,宮本フレデリカ,3
141,一ノ瀬志希,五十嵐響子,3
142,一ノ瀬志希,櫻井桃華,3
143,五十嵐響子,櫻井桃華,3
144,五十嵐響子,宮本フレデリカ,3
145,櫻井桃華,宮本フレデリカ,3
146,塩見周子,橘ありす,3
147,塩見周子,鷺沢文香,3
148,塩見周子,二宮飛鳥,3
149,橘ありす,速水奏,3
150,橘ありす,二宮飛鳥,3
151,鷺沢文香,速水奏,3
152,鷺沢文香,二宮飛鳥,3
153,速水奏,二宮飛鳥,3
154,市原仁奈,大槻唯,3
155,市原仁奈,片桐早苗,3
156,市原仁奈,姫川友紀,3
157,市原仁奈,相葉夕美,3
158,大槻唯,片桐早苗,3
159,大槻唯,姫川友紀,3
160,大槻唯,相葉夕美,3
161,片桐早苗,姫川友紀,3
162,片桐早苗,相葉夕美,3
163,姫川友紀,相葉夕美,3
164,小日向美穂,多田李衣菜,2
165,多田李衣菜,城ヶ崎美嘉,2
166,神崎蘭子,城ヶ崎美嘉,2
167,アナスタシア,輿水幸子,2
168,渋谷凛,安部菜々,2
169,鷺沢文香,姫川友紀,2
170,鷺沢文香,高森藍子,2
171,高垣楓,安部菜々,2
172,高垣楓,島村卯月,2
173,安部菜々,緒方智絵里,2
174,安部菜々,本田未央,2
175,緒方智絵里,高森藍子,2
176,塩見周子,高垣楓,2
177,塩見周子,前川みく,2
178,塩見周子,城ヶ崎美嘉,2
179,高垣楓,前川みく,2
180,高垣楓,一ノ瀬志希,2
181,高垣楓,相葉夕美,2
182,前川みく,相葉夕美,2
183,前川みく,城ヶ崎美嘉,2
184,二宮飛鳥,一ノ瀬志希,2
185,一ノ瀬志希,速水奏,2
186,塩見周子,宮本フレデリカ,2
187,速水奏,宮本フレデリカ,2
188,櫻井桃華,市原仁奈,2
189,相葉夕美,橘ありす,2
190,相葉夕美,鷺沢文香,2
191,北条加蓮,佐久間まゆ,2
192,日野茜,川島瑞樹,2
193,川島瑞樹,堀裕子,2
194,川島瑞樹,緒方智絵里,2
195,神谷奈緒,渋谷凛,2
196,渋谷凛,北条加蓮,2
197,白坂小梅,三村かな子,2
198,川島瑞樹,三村かな子,2
199,十時愛梨,三村かな子,2
200,輿水幸子,白坂小梅,2
201,輿水幸子,星輝子,2
202,小早川紗枝,白坂小梅,2
203,小早川紗枝,星輝子,2
204,白坂小梅,星輝子,2
205,双葉杏,小日向美穂,2
206,双葉杏,安部菜々,2
207,小日向美穂,前川みく,2
208,小日向美穂,安部菜々,2
209,前川みく,安部菜々,2
210,新田美波,高垣楓,2
211,多田李衣菜,高垣楓,2
212,赤城みりあ,城ヶ崎美嘉,2
213,城ヶ崎美嘉,諸星きらり,2
214,小日向美穂,三村かな子,1
215,小日向美穂,渋谷凛,1
216,小日向美穂,神崎蘭子,1
217,小日向美穂,本田未央,1
218,小日向美穂,城ヶ崎美嘉,1
219,小日向美穂,城ヶ崎莉嘉,1
220,三村かな子,城ヶ崎美嘉,1
221,神崎蘭子,輿水幸子,1
222,アナスタシア,高垣楓,1
223,高垣楓,輿水幸子,1
224,輿水幸子,渋谷凛,1
225,渋谷凛,鷺沢文香,1
226,渋谷凛,姫川友紀,1
227,渋谷凛,高森藍子,1
228,鷺沢文香,高垣楓,1
229,鷺沢文香,安部菜々,1
230,鷺沢文香,緒方智絵里,1
231,鷺沢文香,島村卯月,1
232,鷺沢文香,本田未央,1
233,高垣楓,緒方智絵里,1
234,高垣楓,本田未央,1
235,高垣楓,姫川友紀,1
236,高垣楓,高森藍子,1
237,安部菜々,姫川友紀,1
238,安部菜々,高森藍子,1
239,緒方智絵里,姫川友紀,1
240,島村卯月,姫川友紀,1
241,島村卯月,高森藍子,1
242,本田未央,姫川友紀,1
243,本田未央,高森藍子,1
244,姫川友紀,高森藍子,1
245,塩見周子,渋谷凛,1
246,塩見周子,島村卯月,1
247,塩見周子,向井拓海,1
248,高垣楓,城ヶ崎美嘉,1
249,高垣楓,向井拓海,1
250,渋谷凛,一ノ瀬志希,1
251,渋谷凛,相葉夕美,1
252,渋谷凛,向井拓海,1
253,前川みく,向井拓海,1
254,一ノ瀬志希,島村卯月,1
255,一ノ瀬志希,向井拓海,1
256,島村卯月,相葉夕美,1
257,島村卯月,向井拓海,1
258,相葉夕美,城ヶ崎美嘉,1
259,相葉夕美,向井拓海,1
260,城ヶ崎美嘉,向井拓海,1
261,二宮飛鳥,神崎蘭子,1
262,二宮飛鳥,城ヶ崎美嘉,1
263,二宮飛鳥,前川みく,1
264,神崎蘭子,一ノ瀬志希,1
265,大槻唯,渋谷凛,1
266,大槻唯,島村卯月,1
267,大槻唯,本田未央,1
268,大槻唯,上条春菜,1
269,渋谷凛,上条春菜,1
270,島村卯月,上条春菜,1
271,本田未央,上条春菜,1
272,速水奏,城ヶ崎美嘉,1
273,宮本フレデリカ,城ヶ崎美嘉,1
274,赤城みりあ,龍崎薫,1
275,赤城みりあ,佐々木千枝,1
276,赤城みりあ,櫻井桃華,1
277,赤城みりあ,市原仁奈,1
278,龍崎薫,佐々木千枝,1
279,龍崎薫,櫻井桃華,1
280,龍崎薫,市原仁奈,1
281,佐々木千枝,櫻井桃華,1
282,佐々木千枝,市原仁奈,1
283,相葉夕美,高森藍子,1
284,相葉夕美,新田美波,1
285,高森藍子,新田美波,1
286,高森藍子,橘ありす,1
287,新田美波,橘ありす,1
288,新田美波,鷺沢文香,1
289,松永涼,藤本里奈,1
290,松永涼,向井拓海,1
291,松永涼,木村夏樹,1
292,松永涼,大和亜季,1
293,藤本里奈,向井拓海,1
294,藤本里奈,木村夏樹,1
295,藤本里奈,大和亜季,1
296,向井拓海,木村夏樹,1
297,向井拓海,大和亜季,1
298,木村夏樹,大和亜季,1
299,北条加蓮,小日向美穂,1
300,北条加蓮,多田李衣菜,1
301,小日向美穂,緒方智絵里,1
302,小日向美穂,佐久間まゆ,1
303,多田李衣菜,佐久間まゆ,1
304,上田鈴帆,日野茜,1
305,上田鈴帆,川島瑞樹,1
306,上田鈴帆,堀裕子,1
307,上田鈴帆,難波笑美,1
308,日野茜,難波笑美,1
309,川島瑞樹,難波笑美,1
310,堀裕子,難波笑美,1
311,川島瑞樹,城ヶ崎莉嘉,1
312,川島瑞樹,大槻唯,1
313,緒方智絵里,大槻唯,1
314,城ヶ崎莉嘉,北条加蓮,1
315,城ヶ崎莉嘉,大槻唯,1
316,北条加蓮,大槻唯,1
317,佐藤心,安部菜々,1
318,佐藤心,高垣楓,1
319,佐藤心,片桐早苗,1
320,佐藤心,三船美優,1
321,安部菜々,片桐早苗,1
322,安部菜々,三船美優,1
323,高垣楓,片桐早苗,1
324,高垣楓,三船美優,1
325,片桐早苗,三船美優,1
326,神谷奈緒,島村卯月,1
327,神谷奈緒,本田未央,1
328,島村卯月,北条加蓮,1
329,本田未央,北条加蓮,1
330,三村かな子,水本ゆかり,1
331,三村かな子,速水奏,1
332,佐久間まゆ,水本ゆかり,1
333,佐久間まゆ,速水奏,1
334,水本ゆかり,小早川紗枝,1
335,水本ゆかり,速水奏,1
336,小早川紗枝,速水奏,1
337,白坂小梅,前川みく,1
338,前川みく,川島瑞樹,1
339,及川雫,十時愛梨,1
340,及川雫,森久保乃々,1
341,及川雫,三村かな子,1
342,及川雫,椎名法子,1
343,十時愛梨,森久保乃々,1
344,十時愛梨,椎名法子,1
345,森久保乃々,三村かな子,1
346,森久保乃々,椎名法子,1
347,三村かな子,椎名法子,1
348,三村かな子,神谷奈緒,1
349,三村かな子,北条加蓮,1
350,三村かな子,日野茜,1
351,三村かな子,高森藍子,1
352,三村かな子,星輝子,1
353,三村かな子,堀裕子,1
354,輿水幸子,川島瑞樹,1
355,輿水幸子,神谷奈緒,1
356,輿水幸子,北条加蓮,1
357,輿水幸子,十時愛梨,1
358,輿水幸子,日野茜,1
359,輿水幸子,高森藍子,1
360,輿水幸子,堀裕子,1
361,佐久間まゆ,川島瑞樹,1
362,佐久間まゆ,白坂小梅,1
363,佐久間まゆ,アナスタシア,1
364,佐久間まゆ,神谷奈緒,1
365,佐久間まゆ,十時愛梨,1
366,佐久間まゆ,日野茜,1
367,佐久間まゆ,高森藍子,1
368,佐久間まゆ,星輝子,1
369,佐久間まゆ,堀裕子,1
370,緒方智絵里,白坂小梅,1
371,緒方智絵里,神谷奈緒,1
372,緒方智絵里,十時愛梨,1
373,緒方智絵里,日野茜,1
374,緒方智絵里,星輝子,1
375,緒方智絵里,堀裕子,1
376,小早川紗枝,川島瑞樹,1
377,小早川紗枝,アナスタシア,1
378,小早川紗枝,神谷奈緒,1
379,小早川紗枝,北条加蓮,1
380,小早川紗枝,十時愛梨,1
381,小早川紗枝,日野茜,1
382,小早川紗枝,高森藍子,1
383,小早川紗枝,堀裕子,1
384,川島瑞樹,十時愛梨,1
385,川島瑞樹,高森藍子,1
386,川島瑞樹,星輝子,1
387,白坂小梅,十時愛梨,1
388,白坂小梅,日野茜,1
389,白坂小梅,高森藍子,1
390,白坂小梅,堀裕子,1
391,アナスタシア,十時愛梨,1
392,アナスタシア,日野茜,1
393,アナスタシア,高森藍子,1
394,アナスタシア,星輝子,1
395,アナスタシア,堀裕子,1
396,神谷奈緒,十時愛梨,1
397,神谷奈緒,日野茜,1
398,神谷奈緒,高森藍子,1
399,神谷奈緒,星輝子,1
400,神谷奈緒,堀裕子,1
401,北条加蓮,十時愛梨,1
402,北条加蓮,日野茜,1
403,北条加蓮,高森藍子,1
404,北条加蓮,星輝子,1
405,北条加蓮,堀裕子,1
406,中野有香,塩見周子,1
407,中野有香,橘ありす,1
408,中野有香,鷺沢文香,1
409,中野有香,速水奏,1
410,中野有香,二宮飛鳥,1
411,中野有香,市原仁奈,1
412,中野有香,大槻唯,1
413,中野有香,片桐早苗,1
414,中野有香,姫川友紀,1
415,中野有香,相葉夕美,1
416,一ノ瀬志希,橘ありす,1
417,一ノ瀬志希,鷺沢文香,1
418,一ノ瀬志希,市原仁奈,1
419,一ノ瀬志希,大槻唯,1
420,一ノ瀬志希,片桐早苗,1
421,一ノ瀬志希,姫川友紀,1
422,五十嵐響子,塩見周子,1
423,五十嵐響子,橘ありす,1
424,五十嵐響子,鷺沢文香,1
425,五十嵐響子,速水奏,1
426,五十嵐響子,二宮飛鳥,1
427,五十嵐響子,市原仁奈,1
428,五十嵐響子,大槻唯,1
429,五十嵐響子,片桐早苗,1
430,五十嵐響子,姫川友紀,1
431,五十嵐響子,相葉夕美,1
432,櫻井桃華,塩見周子,1
433,櫻井桃華,橘ありす,1
434,櫻井桃華,鷺沢文香,1
435,櫻井桃華,速水奏,1
436,櫻井桃華,二宮飛鳥,1
437,櫻井桃華,大槻唯,1
438,櫻井桃華,片桐早苗,1
439,櫻井桃華,姫川友紀,1
440,櫻井桃華,相葉夕美,1
441,宮本フレデリカ,橘ありす,1
442,宮本フレデリカ,鷺沢文香,1
443,宮本フレデリカ,二宮飛鳥,1
444,宮本フレデリカ,市原仁奈,1
445,宮本フレデリカ,大槻唯,1
446,宮本フレデリカ,片桐早苗,1
447,宮本フレデリカ,姫川友紀,1
448,宮本フレデリカ,相葉夕美,1
449,塩見周子,市原仁奈,1
450,塩見周子,大槻唯,1
451,塩見周子,片桐早苗,1
452,塩見周子,姫川友紀,1
453,橘ありす,市原仁奈,1
454,橘ありす,大槻唯,1
455,橘ありす,片桐早苗,1
456,橘ありす,姫川友紀,1
457,鷺沢文香,市原仁奈,1
458,鷺沢文香,大槻唯,1
459,鷺沢文香,片桐早苗,1
460,速水奏,市原仁奈,1
461,速水奏,大槻唯,1
462,速水奏,片桐早苗,1
463,速水奏,姫川友紀,1
464,速水奏,相葉夕美,1
465,二宮飛鳥,市原仁奈,1
466,二宮飛鳥,大槻唯,1
467,二宮飛鳥,片桐早苗,1
468,二宮飛鳥,姫川友紀,1
469,二宮飛鳥,相葉夕美,1
470,小日向美穂,五十嵐響子,1
471,島村卯月,五十嵐響子,1
472,多田李衣菜,木村夏樹,1
473,小早川紗枝,姫川友紀,1
474,星輝子,姫川友紀,1
475,輿水幸子,姫川友紀,1
476,白坂小梅,姫川友紀,1
477,及川雫,日野茜,1
478,及川雫,脇山珠美,1
479,及川雫,高森藍子,1
480,及川雫,道明寺歌鈴,1
481,日野茜,脇山珠美,1
482,日野茜,道明寺歌鈴,1
483,脇山珠美,高森藍子,1
484,脇山珠美,道明寺歌鈴,1
485,高森藍子,道明寺歌鈴,1
